Base,City,State,County,Country,Branch,Operational,Lat,Long,Major Command,FIPS
JEBLCFS Wallops Island VA,Wallops Island,VA,Accomack,United States,Navy,Active,37.918556,-75.490518,NA,51001
Boise Air Terminal,Boise,ID,Ada,United States,Air Force,Guard,43.594457,-116.199831,ANG,16001
NG Orchard Mates Boise,Boise,ID,Ada,United States,Army,Guard,43.603768,-116.272921,NA,16001
Fort Jackson,Jackson,SC,Aiken,United States,Army,Active,33.32542,-81.78789,NA,45003
MCSF Blount Island (FL),Island Grove,FL,Alachua,United States,Marine Corps,Active,29.681312,-82.353862,NA,12001
Eglin Air Force Base Site 2 Santa Rosa Island,Island Grove,FL,Alachua,United States,Air Force,Active,29.681312,-82.353862,NA,12001
Moffett Federal Airfield,"Mountain View, California",CA,Alameda,United States,Air Force,NA,37.415,-122.0483333,ANG,6001
CSO Naval Air Station Alameda,Alameda,CA,Alameda,United States,Navy,Active,37.770563,-122.264779,NA,6001
Pittsburgh International Airport (ANG),Pittsburgh,PA,Allegheny,United States,Air Force,Guard,40.540984,-79.781253,ANG,42003
Pittsburgh International Airport (ARS),Pittsburgh,PA,Allegheny,United States,Air Force,Reserve,40.540984,-79.781253,AFRC,42003
Fort Wayne International Airport,Fort Wayne,IN,Allen,United States,Air Force,NA,40.97833333,-85.195,ANG,21003
Jackson International Airport Thompson Field,Smithdale,MS,Amite,United States,Air Force,Guard,31.331709,-90.7848,NA,28005
Elmendorf Air Force Base,Anchorage,AK,Anchorage,United States,Air Force,Active,61.2536,-149.8113,PACAF,2020
NG Auburn Training Site,Auburn,ME,Androscoggin,United States,Army,Guard,44.087422,-70.243848,NA,23001
Gambrills,Gambrills,MD,Anne Arundel,United States,Navy,Active,39.069831,-76.679254,NA,24003
Upper Yard Annapolis,Annapolis,MD,Anne Arundel,United States,Navy,Active,38.98775,-76.5528,NA,24003
Fort George G Meade,Fort George G Meade,MD,Anne Arundel,United States,Army,Active,39.114553,-76.765249,NA,24003
NAVSUPPACT Annapolis,Annapolis,MD,Anne Arundel,United States,Navy,Active,38.98775,-76.5528,NA,24003
NAVACAD North Severn,Severn,MD,Anne Arundel,United States,Navy,Active,39.1328,-76.69253,NA,24003
Misawa Air Force Base,Aomori,Aomori,Aomori,Japan,Air Force,Active,40.6965,141.3878,PACAF,389
NG Camp Navajo,Navajo,AZ,Apache,United States,Army,Guard,35.124191,-109.538166,NA,4001
Pentagon,DC,VA,Arlington,United States,WHS,WHS,38.8719,-77.0563,HQ,51013
Arlington Service Ctr,Arlington,VA,Arlington,United States,Navy,Active,38.840403,-77.0888,NA,51013
Atlantic City Air National Guard Base,Atlantic City,NJ,Atlantic,United States,Air Force,Guard,39.612669,-74.825986,ANG,34001
NOLF Santa Rosa,Sanderson,FL,Baker,United States,Navy,Active,30.25218,-82.27289,NA,13007
NOLF Silverhill,Silverhill,AL,Baldwin,United States,Navy,Active,30.527068,-87.735,NA,1003
NOLF Summerdale,Summerdale,AL,Baldwin,United States,Navy,Active,30.4877,-87.69971,NA,1003
Martin State Airport,Middle River,MD,Baltimore,United States,Air Force,Guard,39.32555556,-76.41361111,ANG,24005
Louisville Stagefield AL,Louisville,AL,Barbour,United States,Army,Active,31.727162,-85.602145,NA,54001
Cape Cod Air Force Station,Bourne,MA,Barnstable,United States,Air Force,Active,41.75333333,-70.53861111,USSF,25001
Otis Air National Guard Base,Mashpee,MA,Barnstable,United States,Air Force,Guard,41.65861111,-70.52138889,ANG,25001
NG MTA Camp Edwards,Camp Edwards,MA,Barnstable,United States,Army,Guard,41.657052,-70.543918,NA,25001
NG General Lucius D Clay National Guard Center,Center,GA,Bartow,United States,Army,Guard,34.167895,-84.851983,NA,13015
NG Macon Readiness Center,Center,GA,Bartow,United States,Army,Guard,34.167895,-84.851983,NA,13015
Naval Support Activity Panama City,Panama City,FL,Bay,United States,Navy,Active,30.159737,-85.660922,NA,12005
Tyndall Air Force Base,Panama City,FL,Bay,United States,Air Force,Active,30.07861111,-85.57638889,AETC,12005
MCRD Beaufort,Beaufort,SC,Beaufort,United States,Marine Corps,Active,32.424353,-80.565343,NA,45013
MCAS Beaufort,Beaufort,SC,Beaufort,United States,Marine Corps,Active,32.424353,-80.565343,NA,45013
NAVSUPPFAC Beaufort SC,Beaufort,SC,Beaufort,United States,Navy,Active,32.424353,-80.565343,NA,45013
Fort Hood,Fort Hood,TX,Bell,United States,Army,Active,31.134891,-97.775614,NA,21013
NG Camp Adair Corvallis,Corvallis,OR,Benton,United States,Army,Guard,44.639931,-123.275969,NA,41003
Naval Air Station Whidbey Island WA,Island View,WA,Benton,United States,Navy,Active,46.21405,-119.175728,NA,41003
NG Camp Joseph T Robinson,Robinson,AR,Benton,United States,Army,Guard,36.169246,-94.358822,NA,41003
CNI NAVMAG Indian Island,Island View,WA,Benton,United States,Navy,Active,46.21405,-119.175728,NA,41003
Eastern WV Regional Airport,"Martinsburg, West Virginia",WV,Berkeley,United States,Air Force,NA,39.40194444,-77.98444444,ANG,54003
Kirtland Air Force Base,Albuquerque,NM,Bernalillo,United States,Air Force,Active,35.04027778,-106.6091667,AFMC,35001
Joint Base San Antonio,San Antonio,TX,Bexar,United States,Air Force,Active,29.44888889,-98.44888889,AETC,48029
NG Hollidaysburg Readiness Center,Hollidaysburg,PA,Blair,United States,Army,Guard,40.432059,-78.364965,NA,42013
Pumpkin Neck,Pumpkin Center,VA,Bland,United States,Navy,Active,37.227619,-81.008418,NA,51021
McGhee Tyson Airport,Knoxville,TN,Blount,United States,Air Force,Guard,35.81083333,-83.99388889,ANG,1009
NG MTA Camp Shelby,Shelby,MS,Bolivar,United States,Army,Guard,33.957757,-90.74504,NA,28011
Bayview Idaho,Bayview,ID,Bonner,United States,Navy,Active,48.008329,-116.622426,NA,16017
Cape Canaveral Air Force Station,Cocoa Beach,FL,Brevard,United States,Air Force,Active,28.48888889,-80.57777778,USSF,12009
Patrick Space Force Base,Patrick Space Force Base,FL,Brevard,United States,Air Force,Active,28.235,-80.61,USSF,12009
NOTU Cape Canaveral,Cape Canaveral,FL,Brevard,United States,Navy,Active,28.394642,-80.614323,NA,12009
Dania Beach (Lauderdale),Dania,FL,Broward,United States,Navy,Active,26.052876,-80.132929,NA,12011
NG Camp Gruber,Kemp,OK,Bryan,United States,Army,Guard,33.76955,-96.35415,NA,13029
Rosecrans Memorial Airport,St. Joseph,MO,Buchanan,United States,Air Force,Guard,39.77194444,-94.90944444,ANG,19019
Naval Air Station Joint Reserve Base Willow Grove,"Horsham Township, Pennsylvania",PA,Bucks,United States,Air Force,NA,40.19972222,-75.14805556,ANG,42017
NG Bismarck RJB Complex,Bismarck,ND,Burleigh,United States,Army,Guard,46.816035,-100.700296,NA,38015
McGuire Air Force Base,Trenton,NJ,Burlington,United States,Air Force,Active,40.01916667,-74.52277778,NA,34005
Joint Base McGuire-Dix-Lakehurst,Trenton,NJ,Burlington,United States,Air Force,NA,40.01916667,-74.52277778,AMC,34005
Brooks Air Force Base,Briggs,TX,Burnet,United States,Air Force,Active,30.936006,-97.934579,NA,48053
NG Martindale - AASF,Martindale,TX,Caldwell,United States,Army,Guard,29.839448,-97.850842,NA,22021
W. K. Kellogg Airport,Battle Creek,MI,Calhoun,United States,Air Force,Guard,42.30722222,-85.25138889,ANG,54013
Birmingham Airport,Birmingham,AL,Calhoun,United States,Air Force,Guard,33.643851,-85.879914,NA,54013
Anniston Army Depot,Anniston,AL,Calhoun,United States,Army,Active,33.64916,-85.879642,NA,54013
Solomons Island MD,Solomons,MD,Calvert,United States,Navy,Active,38.332035,-76.46564,NA,24009
Waterfront,Waterford Works,NJ,Camden,United States,Navy,Active,39.723037,-74.836939,NA,34007
Subase Kings Bay GA,Kings Bay,GA,Camden,United States,Navy,Active,30.790547,-81.559737,NA,34007
Naval Weapons Station Earle,Erial,NJ,Camden,United States,Navy,Active,39.773448,-75.006278,NA,34007
Duluth International Airport,Duluth,MN,Carlton,United States,Air Force,Guard,47.005566,-92.001934,ANG,27017
Savanna Depot Act,Savanna,IL,Carroll,United States,Army,Active,42.09447,-90.15679,NA,51035
OLF Atlantic,Atlantic,NC,Carteret,United States,Marine Corps,Active,34.88489,-76.34047,NA,37031
Great Falls International Airport,Great Falls,MT,Cascade,United States,Air Force,Guard,47.48194444,-111.3705556,ANG,30013
Malmstrom Air Force Base,Great Falls,MT,Cascade,United States,Air Force,Active,47.50472222,-111.1872222,AFGSC,30013
NSF Indian Head,Indian Head,MD,Charles,United States,Navy,Active,38.60512,-77.17554,NA,24017
Joint Base Charleston Naval Weapons Station,Charleston,SC,Charleston,United States,Air Force,Active,32.89861111,-80.04055556,AMC,45019
Joint Base Charleston,Charleston Air Force Base,SC,Charleston,United States,Air Force,Active,32.892396,-80.076202,NA,45019
Savannah/Hilton Head International Airport,Savannah,GA,Chatham,United States,Air Force,Guard,32.1275,-81.20194444,ANG,37037
Sea Plane Base,Plain,WA,Chelan,United States,Navy,Active,47.762622,-120.657315,NA,53007
NG Spring City Readiness Center,Spring City,PA,Chester,United States,Army,Guard,40.17677,-75.54769,NA,47023
Burlington International Airport,Burlington,VT,Chittenden,United States,Air Force,Guard,44.496604,-73.227273,ANG,50007
Fort Campbell KY,Fort Campbell,KY,Christian,United States,Army,Active,36.657253,-87.458858,NA,21047
Naval Air Station Fallon NV,Fallon,NV,Churchill,United States,Navy,Active,39.479393,-118.296879,NA,32001
Kegelman Air Force Auxiliary Field,Felt,OK,Cimarron,United States,Air Force,Active,36.56753,-102.79353,NA,40025
NG Camp Withycombe Clackamas,Clackamas,OR,Clackamas,United States,Army,Guard,45.415038,-122.499461,NA,41005
NG WH Ford Regional Tng Ctr,Ford,KY,Clark,United States,Army,Guard,37.968496,-84.157766,NA,18019
Creech Air Force Base,Indian Springs,NV,Clark,United States,Air Force,Active,36.58722222,-115.6733333,ACC,18019
Nellis Air Force Base,Las Vegas,NV,Clark,United States,Air Force,Active,36.23611111,-115.0341667,ACC,18019
Springfield-Beckley Municipal Airport,Springfield,OH,Clark,United States,Air Force,Guard,39.84027778,-83.84027778,ANG,18019
Hector International Airport,Fargo,ND,Clay,United States,Air Force,Guard,46.92055556,-96.81583333,ANG,21051
Indiana Army Ammunition Plant,Poland,IN,Clay,United States,Army,Active,39.444565,-86.960667,NA,21051
NG Lexington AASF No 1,Lexington,OK,Cleveland,United States,Army,Guard,35.057992,-97.26999,NA,5025
NG Norman CSMS,Norman,OK,Cleveland,United States,Army,Guard,35.208566,-97.44451,NA,5025
Jefferson Proving Ground,Frankfort,IN,Clinton,United States,Army,Active,40.284569,-86.517004,NA,18023
Dobbins Air Reserve Base,Marietta,GA,Cobb,United States,Air Force,Reserve,33.91527778,-84.51638889,AFRC,13067
Fort Huachuca,Fort Huachuca,AZ,Cochise,United States,Army,Active,31.559131,-110.318682,NA,4003
NAVOBSSTA Flagstaff AZ,Flagstaff,AZ,Coconino,United States,Navy,Active,35.287661,-111.639303,NA,4005
Arnold Air Force Base,Tullahoma,TN,Coffee,United States,Air Force,Active,35.392585,-86.231502,AFMC,1031
Stinson 5AB Stagefield AL,Muscle Shoals,AL,Colbert,United States,Army,Active,34.790605,-87.612,NA,1033
NG TS Ike Skelton Jefferson City,Jefferson City,MO,Cole,United States,Army,Guard,38.494029,-92.165194,NA,29051
Kelly Air Force Base,Kelly,TX,Collin,United States,Air Force,Active,33.362612,-96.618879,NA,48085
Kelly Field Annex,Kelly,TX,Collin,United States,Air Force,Active,33.362612,-96.618879,NA,48085
Hancock Field,Valatie,NY,Columbia,United States,Air Force,Guard,42.398503,-73.626548,NA,5027
Canyon Lake Recreation Annex,Canyon Lake,TX,Comal,United States,Air Force,Active,29.863258,-98.255736,NA,48091
Fort Sill,Medicine Park,OK,Comanche,United States,Army,Active,34.726548,-98.499443,NA,40031
NOLF Evergreen,Evergreen,AL,Conecuh,United States,Navy,Active,31.489241,-87.052004,NA,1035
Det Concord (BRAC),Concord,CA,Contra Costa,United States,Navy,Active,37.953672,-122.022872,NA,6013
Military Ocean Terminal Concord,Concord,CA,Contra Costa,United States,Army,Active,37.953672,-122.022872,NA,6013
Glenview,Glenview,IL,Cook,United States,Navy,Active,42.072974,-87.804334,NA,17031
MCAS Cherry Point,Cherry Point,NC,Craven,United States,Marine Corps,Active,34.903793,-76.899976,NA,37049
NG Grayling Airfield,Grayling,MI,Crawford,United States,Army,Guard,44.691777,-84.612941,NA,20037
NG Cambridge Springs,Cambridge Springs,PA,Crawford,United States,Army,Guard,41.803393,-80.059383,NA,20037
NG MTC-H Camp Grayling,Grayling,MI,Crawford,United States,Army,Guard,44.691777,-84.612941,NA,20037
Pope Field,Fayetteville,NC,Cumberland,United States,Air Force,NA,35.17083333,-79.01444444,AMC,21057
NAVSUPPACT Mechanicsburg PA,Mechanicsburg,PA,Cumberland,United States,Navy,Active,40.182917,-77.004599,NA,21057
Naval Air Station Brunswick ME,Brunswick,ME,Cumberland,United States,Navy,Active,43.91172,-69.9405,NA,21057
Fort Bragg,Fort Bragg,NC,Cumberland,United States,Army,Active,35.140193,-78.987942,NA,21057
Carlisle Barracks,Carlisle,PA,Cumberland,United States,Army,Active,40.196251,-77.345217,NA,21057
Cannon Air Force Base,Clovis,NM,Curry,United States,Air Force,Active,34.38472,-103.31652,AFSOC,41015
Cannon Air Force Base Site 2,Clovis,NM,Curry,United States,Air Force,Active,34.38472,-103.31652,AFSOC,41015
Melrose Air Force Range,Melrose,NM,Curry,United States,Air Force,Active,34.50512,-103.564506,NA,41015
NG Rosemount NG Armory,Rosemount,MN,Dakota,United States,Army,Guard,44.73941,-93.12577,NA,31043
Sioux Gateway Airport (ANG),Sioux Falls,IA,Dakota,United States,Air Force,Guard,42.39833333,-96.37194444,ANG,31043
Fort Rucker AL,Fort Rucker,AL,Dale,United States,Army,Active,31.327347,-85.737811,NA,1045
Grand Prairie Reserve Complex,Grand Prairie,TX,Dallas,United States,Army,Reserve,32.742326,-96.993574,NA,19049
Hensley Field,"Grand Prairie, Texas",TX,Dallas,United States,Air Force,NA,32.74,-96.97,ANG,19049
Lackland Training Annex,Lakeland Heights,TX,Dallas,United States,Air Force,Active,32.776671,-97.009389,NA,19049
Lackland Air Force Base,Lakeland Heights,TX,Dallas,United States,Air Force,Active,32.776671,-97.009389,NA,19049
Dane County Regional Airport,"Madison, Wisconsin",WI,Dane,United States,Air Force,NA,43.13972222,-89.3375,ANG,55025
Harrisburg International Airport,"Middletown, Pennsylvania",PA,Dauphin,United States,Air Force,NA,40.19361111,-76.76333333,ANG,42043
Nashville International Airport,"Nashville, Tennessee",TN,Davidson,United States,Air Force,NA,36.12666667,-86.68194444,ANG,47037
Naval Air Stationhville International Airport,Nashville,TN,Davidson,United States,Air Force,Guard,36.165688,-86.778098,NA,47037
NG Naval Air Stationhville,Nashville,TN,Davidson,United States,Army,Guard,36.165688,-86.778098,NA,47037
NG Mitchell Complex,Mitchell,SD,Davison,United States,Army,Guard,43.69591,-98.086401,NA,46035
Buckley Space Force Base,Aurora,CO,Denver,United States,Air Force,Active,39.70166667,-104.7516667,USSF,8031
NG Bend Cotef,Bend,OR,Deschutes,United States,Army,Guard,44.082037,-121.227125,NA,41017
Fort Lee,Fort Lee,VA,Dinwiddie,United States,Army,Active,37.23503,-77.33279,NA,51053
Fort A P Hill,Ford,VA,Dinwiddie,United States,Army,Active,37.134946,-77.736402,NA,51053
MCLB Albany,Albany,GA,Dougherty,United States,Marine Corps,Active,31.560674,-84.176751,NA,13095
GL Camp JPJ,Kemp,IL,Douglas,United States,Navy,Active,39.695589,-88.185321,NA,53017
Oak Grove,Durham,NC,Durham,United States,Marine Corps,Active,35.982967,-78.806001,NA,37063
OLF Whitehouse,Whitehouse,FL,Duval,United States,Navy,Active,30.31635,-81.846215,NA,48131
NAVSTA Mayport FL,Mayport,FL,Duval,United States,Navy,Active,30.389189,-81.404408,NA,48131
Naval Air Station Jacksonville FL,Jacksonville,FL,Duval,United States,Navy,Active,30.337538,-81.768622,NA,48131
Jacksonville FL Maint,Jacksonville,FL,Duval,United States,Marine Corps,Reserve,30.337538,-81.768622,NA,48131
Camp Frank D Merrill,Marlow,GA,Effingham,United States,Army,Active,32.269087,-81.390667,NA,17049
USAF Academy,USAF Academy,CO,El Paso,United States,Air Force,Active,38.994252,-104.86375,USAFA,48141
Peterson Space Force Base,Colorado Springs,CO,El Paso,United States,Air Force,Active,38.82361111,-104.695,USSF,48141
Fort Bliss,Fort Bliss,TX,El Paso,United States,Army,Active,31.810651,-106.404743,NA,48141
Schriever Space Force Base,Colorado Springs,CO,El Paso,United States,Air Force,Active,38.80333333,-104.5255556,USSF,48141
Fort Carson,Fort Carson,CO,El Paso,United States,Army,Active,38.737494,-104.788862,NA,48141
Barin Field,Floyd,AL,Elmore,United States,Navy,Active,32.671798,-86.025021,NA,16039
Mountain Home Air Force Base,Mountain Home A F B,ID,Elmore,United States,Air Force,Active,43.04361111,-115.8725,ACC,16039
Green River Test Complex UT,Green River,UT,Emery,United States,Army,Active,38.999487,-110.157599,NA,49015
Mildenhall Royal Air Force,Suufolk,England,England,United Kingdom,Air Force,Active,52.3476,0.05156,USAFE,750
Lakenheath Royal Air Force,Suffolk,England,England,United Kingdom,Air Force,Active,52.4139,0.05221,USAFE,750
NOLF Brewton,Brewton,AL,Escambia,United States,Navy,Active,31.129427,-87.096126,NA,12033
Naval Air Station Pensacola FL,Pensacola,FL,Escambia,United States,Navy,Active,30.404006,-87.241287,NA,12033
Naval Air Station Oceana VA,Ozeana,VA,Essex,United States,Navy,Active,37.825138,-76.80135,NA,51057
Eielson Air Force Base,Fairbanks,AK,Fairbanks North Star,United States,Air Force,Active,64.6431,-147.0638,PACAF,2090
Mark Center,Alexandria,VA,Fairfax,United States,WHS,WHS,38.8303,-77.1163,NA,51059
Fort Belvoir,Fort Belvoir,VA,Fairfax,United States,Army,Active,38.714562,-77.167886,NA,51059
Langley Air Force Base,Langley Forest,VA,Fairfax,United States,Air Force,Active,38.955944,-77.178313,NA,51059
Randolph Air Force Base,Randolph,TX,Fannin,United States,Air Force,Active,33.484594,-96.254127,NA,48147
NG New Castle Readiness Center/FMS 9,Century,PA,Fayette,United States,Army,Guard,40.010352,-79.88588,NA,19065
Lone Star AAP (BRAC 2005),Lockney,TX,Floyd,United States,Army,Active,34.120149,-101.432864,NA,19067
NG Cumming,Cumming,GA,Forsyth,United States,Army,Guard,34.293049,-84.176166,NA,13117
Beightler Armory,"Columbus, Ohio",OH,Franklin,United States,Air Force,NA,40.08833333,-83.06694444,ANG,37069
Rickenbacker International Airport,Columbus,OH,Franklin,United States,Air Force,Guard,39.81361111,-82.94666667,ANG,37069
Defense Supply Center Columbus,Columbus,OH,Franklin,United States,Army,Active,40.100924,-83.013402,NA,37069
Fresno Yosemite International ANG,Fresno,CA,Fresno,United States,Air Force,Guard,36.774075,-119.781538,ANG,6019
Aviano Air Force Base,Italy,Friuli Venezia Giulia,Friuli Venezia Giulia,Italy,Air Force,Active,46.036,12.6145,USAFE,330
Toledo Express Airport,Toledo,OH,Fulton,United States,Air Force,Guard,41.58666667,-83.80777778,ANG,39051
NG Atlanta - Confederate Ave,Atlanta,GA,Fulton,United States,Army,Guard,33.844371,-84.47405,NA,39051
Vance Air Force Base,Enid,OK,Garfield,United States,Air Force,Active,36.33944444,-97.91722222,AETC,8045
Fort Riley,Fort Riley,KS,Geary,United States,Army,Active,39.113738,-96.837821,NA,20061
Highbluff Stagefield AL,Hartford,AL,Geneva,United States,Army,Active,31.16587,-85.714613,NA,1061
NG VTS Milan,Milan,TN,Gibson,United States,Army,Guard,35.920312,-88.813982,NA,18051
Milan AAP,Milan,TN,Gibson,United States,Army,Active,35.933935,-88.762546,NA,18051
NALF Goliad,Goliad,TX,Goliad,United States,Navy,Active,28.664092,-97.460854,NA,48175
Grand Forks Air Force Base,Grand Forks,ND,Grand Forks,United States,Air Force,Active,47.96111111,-97.40111111,AMC,38035
Grand Forks Defense Fuel Support Point,Grand Forks,ND,Grand Forks,United States,Air Force,Active,47.96111111,-97.40111111,AMC,38035
NG MTA Camp Butner,Butner,NC,Granville,United States,Army,Guard,36.13209,-78.75667,NA,37077
NG Springfield AVCRAD (New),Springfield,MO,Greene,United States,Army,Guard,37.25807,-93.343673,NA,42059
Wright-Patterson Air Force Base,Dayton,OH,Greene,United States,Air Force,Active,39.82305556,-84.04944444,AFMC,42059
NG Camp Sherman Joint Training Center,Center,OH,Guernsey,United States,Army,Guard,40.06396,-81.529009,NA,39059
NG Camp Ravenna Joint Military Training Center,Center,OH,Guernsey,United States,Army,Guard,40.06396,-81.529009,NA,39059
NG Camp Perry Joint Training Center,Center,OH,Guernsey,United States,Army,Guard,40.06396,-81.529009,NA,39059
Osan Air Force Base,Gyeonggi,KR,Gyeonggi,South Korea,Air Force,Active,37.0885,127.0338,PACAF,651
NG Grand Island AASF/RC,Grand Island,NE,Hall,United States,Army,Guard,40.87227,-98.368698,NA,13139
Barnes Municipal Airport,Westfield,MA,Hampden,United States,Air Force,Guard,42.16555556,-72.72055556,ANG,25013
Westover Air Reserve Base,Chicopee,MA,Hampden,United States,Air Force,Reserve,42.19388889,-72.53472222,AFRC,25013
Joint Base Langley Eustis,Hampton,VA,Hampton [9],United States,Air Force,NA,37.08277778,-76.36055556,ACC,51650
Chanute Air Force Base,Ferris,IL,Hancock,United States,Air Force,Active,40.46893,-91.17042,NA,19081
Fort Knox,Fort Knox,KY,Hardin,United States,Army,Active,37.899466,-85.952833,NA,19083
NG Rio Rancho TS,Roy,NM,Harding,United States,Army,Guard,35.93873,-104.195805,NA,35021
Joe Foss Field,Vessey,SD,Harding,United States,Air Force,Guard,45.84774,-103.362052,NA,35021
Aberdeen Proving Ground,Aberdeen Proving Ground,MD,Harford,United States,Army,Active,39.487368,-76.139675,NA,24025
Fort Detrick Forest Glen Annex,Forest Greens,MD,Harford,United States,Army,Active,39.457054,-76.228844,NA,24025
NG MTA Gunpowder Military Reservation,Gunpowder,MD,Harford,United States,Army,Guard,39.380158,-76.295468,NA,24025
NG Havre De Grace Military Res,Havre De Grace,MD,Harford,United States,Army,Guard,39.560095,-76.15517,NA,24025
NG MTA Camp Rilea,Riley,OR,Harney,United States,Army,Guard,43.54154,-119.50384,NA,41025
Ellington Airport,"Houston, Texas",TX,Harris,United States,Air Force,NA,29.60722222,-95.15888889,ANG,13145
Gulfport Combat Readiness Training Center,"Gulfport, Mississippi",MS,Harrison,United States,Air Force,NA,30.40722222,-89.07,ANG,54033
CBC Gulfport MS,Gulfport,MS,Harrison,United States,Navy,Active,30.382966,-89.102426,NA,54033
Woolmarket (De Soto),Biloxi,MS,Harrison,United States,Navy,Active,30.471039,-88.971253,NA,54033
Keesler Air Force Base,Biloxi,MS,Harrison,United States,Air Force,Active,30.41138889,-88.92361111,AETC,54033
NG Gulfport AVCRAD,Gulfport,MS,Harrison,United States,Army,Guard,30.382966,-89.102426,NA,54033
Saufley Field,Felda,FL,Hendry,United States,Navy,Active,26.5398,-81.43563,NA,12051
Eglin Air Force Auxiliary Field 6,Felda,FL,Hendry,United States,Air Force,Active,26.5398,-81.43563,NA,12051
NG Knightstown,Knightstown,IN,Henry,United States,Army,Guard,39.7956,-85.52636,NA,51089
MacDill Air Force Base,Tampa,FL,Hillsborough,United States,Air Force,Active,27.84944444,-82.52111111,AMC,33011
New Boston Air Station,Manchester,NH,Hillsborough,United States,Air Force,Active,42.94222222,-71.63583333,USSF,33011
USA Field Station Kunia,Kunia,HI,Honolulu,United States,Army,Active,21.463,-158.06385,NA,15003
MCB Hawaii (Kaneohe Bay),Kaneohe,HI,Honolulu,United States,Marine Corps,Active,21.40877,-157.7899,NA,15003
Waianae Kai Military Reservation,Waianae,HI,Honolulu,United States,Army,Active,21.459675,-158.169077,NA,15003
Joint Base Pearl Harbor-Hickam,Honolulu,HI,Honolulu,United States,Air Force,Active,21.3487,-157.944,PACAF,15003
Waipahu,Waipahu,HI,Honolulu,United States,Navy,Active,21.395273,-157.996553,NA,15003
Wahiawa,Wahiawa,HI,Honolulu,United States,Navy,Active,21.5324,-158.047735,NA,15003
Pearl City Annex,Pearl City,HI,Honolulu,United States,Marine Corps,Active,21.40094,-157.96653,NA,15003
Aiea,Aiea,HI,Honolulu,United States,Navy,Active,21.39065,-157.927829,NA,15003
Pearl City,Pearl City,HI,Honolulu,United States,Navy,Active,21.40094,-157.96653,NA,15003
Fort Shafter,Fort Shafter,HI,Honolulu,United States,Army,Active,24.859832,-168.021815,NA,15003
Makaha Ridge,Waianae,HI,Honolulu,United States,Navy,Active,21.464925,-158.20213,NA,15003
Wheeler Army Airfield,Wheeler Army Airfield,HI,Honolulu,United States,Army,Active,21.475456,-158.03516,NA,15003
Kahuku Tng Area,Kahuku,HI,Honolulu,United States,Army,Active,21.68152,-157.94072,NA,15003
Honolulu,Honolulu,HI,Honolulu,United States,Navy,Active,24.859832,-168.021815,NA,15003
Schofield Barracks Military Reservation,Schofield Barracks,HI,Honolulu,United States,Army,Active,21.48676,-158.051525,NA,15003
JBPHH Pearl HAir Reserve Baseor HI,Pearl Harbor,HI,Honolulu,United States,Navy,Active,21.349028,-157.93508,NA,15003
Pupukea Paalaa Uka Mil Road,Haleiwa,HI,Honolulu,United States,Army,Active,21.645737,-158.045746,NA,15003
NG CTC Fort Custer Trng Center,Senter,MI,Houghton,United States,Army,Guard,47.100599,-88.483267,NA,26061
NG Lansing Joint Forces Readiness Center,Senter,MI,Houghton,United States,Army,Guard,47.100599,-88.483267,NA,26061
NG Muscatatuck Urban Training Center,Center,IN,Howard,United States,Army,Guard,40.531266,-86.169537,NA,5061
Holtville Carrier LS,Holtville,CA,Imperial,United States,Navy,Active,32.781362,-115.383857,NA,6025
NAF El Centro,El Centro,CA,Imperial,United States,Navy,Active,32.770275,-115.598602,NA,6025
OLF Coupeville,Coupeville,WA,Island,United States,Navy,Active,48.1894,-122.66765,NA,53029
Lake City AAP,Buckner,MO,Jackson,United States,Army,Active,39.132857,-94.193532,NA,40065
Altus Air Force Base,Altus,OK,Jackson,United States,Air Force,Active,34.598197,-99.440839,AETC,40065
NG HMO3 (Snake Creek TS),Sink Creek,FL,Jackson,United States,Army,Guard,30.848192,-85.231403,NA,40065
Louisville International Airport,Louisville,KY,Jefferson,United States,Air Force,Guard,38.17805556,-85.72472222,ANG,47089
Sumpter Smith Air National Guard Base,"Birmingham, Alabama",AL,Jefferson,United States,Air Force,NA,33.56388889,-86.75222222,ANG,47089
Fort Drum,Fort Drum,NY,Jefferson,United States,Army,Active,44.032457,-75.754468,NA,47089
NG AASF02 Birmingham,Birmingham,AL,Jefferson,United States,Army,Guard,33.456412,-86.801904,NA,47089
NGA Arnold Site,Arnold,MO,Jefferson,United States,Air Force,Active,38.43283,-90.37762,NA,47089
Pine Bluff Arsenal,Pine Bluff,AR,Jefferson,United States,Army,Active,34.21805,-92.004485,NA,47089
Whiteman Air Force Base,Knob Noster,MO,Johnson,United States,Air Force,Active,38.73027778,-93.54805556,AFGSC,47091
Volk Field Air National Guard Base,New Lisbon,WI,Juneau,United States,Air Force,Guard,43.93638889,-90.25972222,ANG,55057
McLaughlin Air National Guard Base (Yeager Airport),"Charleston, West Virginia",WV,Kanawha,United States,Air Force,NA,38.37305556,-81.59305556,ANG,54039
Yankee Target Range,Runge,TX,Karnes,United States,Navy,Active,28.88331,-97.71305,NA,48255
Dixie Target Range,Runge,TX,Karnes,United States,Navy,Active,28.88331,-97.71305,NA,48255
Camp Bullis Training Annex,Kemp,TX,Kaufman,United States,Air Force,Active,32.44264,-96.229977,NA,48257
Dover Air Force Base,Dover,DE,Kent,United States,Air Force,Active,39.126325,-75.491486,AMC,10001
Dryside,California City,CA,Kern,United States,Navy,Active,35.187133,-117.885359,NA,6029
Naval Air Station Lemoore CA,Lemoore,CA,Kings,United States,Navy,Active,36.268194,-119.817274,NA,6031
Fort Hamilton,Fort Hamilton,NY,Kings,United States,Army,Active,40.618715,-74.033196,NA,6031
Laughlin Air Force Base,Del Rio,TX,Kinney,United States,Air Force,Active,29.35944444,-100.7780556,AETC,48271
Manchester,Manchester,WA,Kitsap,United States,Navy,Active,47.53864,-122.492613,NA,53035
Keyport NUWC,Keyport,WA,Kitsap,United States,Navy,Active,47.698025,-122.625529,NA,53035
Naval Base Kitsap Bremerton WA,Bremerton,WA,Kitsap,United States,Navy,Active,47.569525,-122.646451,NA,53035
NG Bremerton,Bremerton,WA,Kitsap,United States,Army,Guard,47.606478,-122.634712,NA,53035
Klamath Falls Airport,"Klamath Falls, Oregon",OR,Klamath,United States,Air Force,NA,42.15611111,-121.7330556,ANG,41035
Naval Air Station Kingsville TX,Kingsville,TX,Kleberg,United States,Navy,Active,27.422876,-97.84068,NA,48273
NG Lincoln AASF/Readiness Center,Center,NE,Knox,United States,Army,Guard,42.597304,-97.866951,NA,18083
Scranton AAP,Scranton,PA,Lackawanna,United States,Army,Active,41.4118,-75.679932,NA,42069
Naval Station Great Lakes IL,Great Lakes,IL,Lake,United States,Navy,Active,42.309272,-87.85427,NA,30047
Fort Sheridan,Fort Sheridan,IL,Lake,United States,Navy,Active,42.255073,-87.818268,NA,30047
NG Camp Maxey,Maxey,TX,Lamar,United States,Army,Guard,33.703436,-95.751353,NA,1075
NG TS Camp Johnson,Johnson,VT,Lamoille,United States,Army,Guard,44.642603,-72.735911,NA,50015
Lincoln Airport,Lincoln,NE,Lancaster,United States,Air Force,Guard,40.85111111,-96.75916667,ANG,51103
Moody Air Force Base,Valdosta,GA,Lanier,United States,Air Force,Active,30.96777778,-83.19277778,ACC,13173
Cheyenne Regional Airport,Cheyenne,WY,Laramie,United States,Air Force,Guard,41.16138889,-104.8194444,ANG,56021
FE Warren Air Force Base,Cheyenne,WY,Laramie,United States,Air Force,Active,41.13305556,-104.8669444,AFGSC,56021
Meridian Regional Airport,Meridian,MS,Lauderdale,United States,Air Force,NA,32.3325,-88.75194444,ANG,47097
Naval Air Station Meridian MS,Meridian,MS,Lauderdale,United States,Navy,Active,32.381605,-88.663489,NA,47097
Fort Leavenworth,Fort Leavenworth,KS,Leavenworth,United States,Army,Active,39.346798,-94.931329,NA,20103
NG Fort Indiantown Gap,Fort Indiantown Gap,PA,Lebanon,United States,Army,Guard,40.362359,-76.569599,NA,42075
OLF Bronson,Bronson,FL,Levy,United States,Navy,Active,29.44774,-82.64233,NA,12075
Bangor WA,Bunker,WA,Lewis,United States,Navy,Active,46.644269,-123.116525,NA,16061
NG Helena Aviation RC- AASF- C12,Helena,MT,Lewis and Clark,United States,Army,Guard,46.527398,-112.21037,NA,30049
Fort Stewart,Fort Stewart,GA,Liberty,United States,Army,Active,31.870154,-81.631076,NA,30051
Ellington Field,Follett,TX,Lipscomb,United States,Air Force,Guard,36.433821,-100.139117,NA,48295
Seguin Auxiliary Field,Follett,TX,Lipscomb,United States,Air Force,Active,36.433821,-100.139117,NA,48295
NG Springfield (TS Cp Lincoln),Lincoln,IL,Logan,United States,Army,Guard,40.162779,-89.398361,NA,21141
Norwalk Fuel Complex,Norwalk,CA,Los Angeles,United States,Navy,Active,33.904087,-118.073183,NA,6037
Site 3 NS Long Beach,Long Beach,CA,Los Angeles,United States,Navy,Active,33.804309,-118.200957,NA,6037
Norwalk 2,Norwalk,CA,Los Angeles,United States,Air Force,Reserve,33.904087,-118.073183,NA,6037
Air Force Plant 42,Palmdale,CA,Los Angeles,United States,Air Force,Active,37.289085,-120.317156,AFMC,6037
Long Beach Fuel Complex,Long Beach,CA,Los Angeles,United States,Navy,Active,33.810783,-118.18955,NA,6037
San Pedro Fuel Depot,San Pedro,CA,Los Angeles,United States,Navy,Active,33.753088,-118.253053,NA,6037
Edwards Air Force Base,Edwards,CA,Los Angeles,United States,Air Force,Active,35.005099,-117.809769,AFMC,6037
CSO NSY Long Beach Ca,Long Beach,CA,Los Angeles,United States,Navy,Active,33.804309,-118.200957,NA,6037
Los Angeles Space Force Base,El Segundo,CA,Los Angeles,United States,Air Force,Active,33.91888889,-118.3805556,USSF,6037
Columbus Auxiliary Airfield,Columbus,MS,Lowndes,United States,Air Force,Active,33.63194,-88.458269,NA,1085
Columbus Air Force Base,Columbus,MS,Lowndes,United States,Air Force,Active,33.63194,-88.458269,AETC,1085
Selfridge Air National Guard Base,Mount Clemens,MI,Macomb,United States,Air Force,Guard,42.60833333,-82.83555556,ANG,26099
NG Oglethorpe Armory,Oglethorpe,GA,Macon,United States,Army,Guard,32.327479,-84.101472,NA,1087
NG Macon TS,Macon,MO,Macon,United States,Army,Guard,39.773979,-92.451742,NA,1087
NG Jackson Airport Armory,Jackson,TN,Madison,United States,Army,Guard,35.570424,-88.862742,NA,29123
NG MTA Ft Wm Henry Harrison,Harrison,MT,Madison,United States,Army,Guard,45.70355,-111.78548,NA,29123
Redstone Arsenal,Redstone Arsenal,AL,Madison,United States,Army,Active,34.683875,-86.647643,NA,29123
NG Buckeye TS,Buckeye,AZ,Maricopa,United States,Army,Guard,33.37032,-112.58378,NA,4013
Goldwater Air National Guard Base,"Phoenix, Arizona",AZ,Maricopa,United States,Air Force,NA,33.42666667,-112.0119444,ANG,4013
Luke Air Force Base,Glendale,AZ,Maricopa,United States,Air Force,Active,33.535,-112.3830556,AETC,4013
NG Indianapolis 38 ID,Indianapolis,IN,Marion,United States,Army,Guard,39.775092,-86.13216,NA,41047
NG McNary Field Salem AASF,Salem,OR,Marion,United States,Army,Guard,44.94878,-123.003655,NA,41047
Bridgeport,Mariposa,CA,Mariposa,United States,Marine Corps,Active,37.437457,-119.999035,NA,6043
Naval Support Activity Crane,Crane,IN,Martin,United States,Navy,Active,38.894879,-86.900174,NA,21159
NG MTA Clarks Hill Reservation,Clarks Hill,SC,McCormick,United States,Army,Guard,33.623057,-82.132655,NA,45065
Ellsworth Air Force Base Site 2,Ellsworth Air Force Base,SD,Meade,United States,Air Force,Active,44.15098,-103.09488,NA,46093
Charlotte Douglas International Airport,Charlotte,NC,Mecklenburg,United States,Air Force,Guard,35.21611111,-80.93194444,ANG,51117
Fort Hunter Liggett,Leggett,CA,Mendocino,United States,Army,Reserve,39.873214,-123.721407,NA,6045
NG Lawrenceville,Lawrenceville,NJ,Mercer,United States,Army,Guard,40.29733,-74.729605,NA,54055
NG Frankfort Boone NG Center,Center,KY,Metcalfe,United States,Army,Guard,37.11767,-85.703791,NA,21169
Grissom Air Reserve Base,Grissom Arb,IN,Miami,United States,Air Force,Reserve,40.780955,-86.016441,NA,18103
Grissom Joint Air Reserve Base,"Kokomo, Indiana",IN,Miami,United States,Air Force,NA,40.64805556,-86.15222222,AFRC,18103
Homestead Air Reserve Base,Homestead,FL,Miami-Dade,United States,Air Force,Reserve,25.48833333,-80.38361111,AFRC,12086
Luis Munoz Marin International Airport,"San Juan, Puerto Rico",PR,Miami-Dade,Puerto Rico,Air Force,Guard,18.43944444,-66.00194444,ANG,12086
NWIRP Bedford MA,Bedford,MA,Middlesex,United States,Navy,Active,42.49065,-71.27617,NA,25017
Hanscom Air Force Base,Lincoln,MA,Middlesex,United States,Air Force,Active,42.47,-71.28916667,AFMC,25017
NG Ayer,Ayer,MA,Middlesex,United States,Army,Guard,42.566573,-71.575135,NA,25017
US Army Soldier Systems Center Natick,Natick,MA,Middlesex,United States,Army,Active,42.28343,-71.3495,NA,25017
Hawthorne Army Depot,Hawthorne,NV,Mineral,United States,Army,Active,38.52557,-118.62738,NA,54057
Sioux Falls Regional Airport,"Sioux Falls, South Dakota",SD,Minnehaha,United States,Air Force,NA,43.58194444,-96.74194444,ANG,46099
Fort Monmouth Main Post,Fort Monmouth,NJ,Monmouth,United States,Army,Active,40.314531,-74.041654,NA,34025
NG Sea Girt NJ NGTC,Sea Girt,NJ,Monmouth,United States,Army,Guard,40.13206,-74.03458,NA,34025
NG Camp Williams Tomah MTA,Tomah,WI,Monroe,United States,Army,Guard,43.983826,-90.473336,NA,12087
Naval Air Station Key West FL,Key West,FL,Monroe,United States,Navy,Active,24.557053,-81.780989,NA,12087
Tobyhanna Army Depot,Tobyhanna,PA,Monroe,United States,Army,Active,41.185358,-75.427947,NA,12087
NG Camp Bowie (State),Bowie,TX,Montague,United States,Army,Guard,33.530011,-97.856849,NA,48337
NG Camp Bowie - Musgrave (Fed),Bowie,TX,Montague,United States,Army,Guard,33.530011,-97.856849,NA,48337
Presidio of Monterey,Monterey,CA,Monterey,United States,Army,Active,36.57485,-121.840727,NA,6053
Choc Mt Air Gnry Rng,Monterey,CA,Monterey,United States,Marine Corps,Active,36.57485,-121.840727,NA,6053
NAVSUPPACT Monterey CA,Monterey,CA,Monterey,United States,Navy,Active,36.57485,-121.840727,NA,6053
Dare County Range,Troy,NC,Montgomery,United States,Air Force,Active,35.393595,-79.907346,NA,20125
Dannelly Field,"Montgomery, Alabama",AL,Montgomery,United States,Air Force,NA,32.30444444,-86.40027778,ANG,20125
Abston Air National Guard Station,Montgomery,AL,Montgomery,United States,Air Force,Guard,32.35611111,-86.34666667,ANG,20125
NG Collegeville FMS 4,Collegeville,PA,Montgomery,United States,Army,Guard,40.18566,-75.45157,NA,20125
NG RW Shepherd Hope Hull,Hope Hull,AL,Montgomery,United States,Army,Guard,32.206441,-86.380464,NA,20125
NAVSUPPACT Bethesda MD,Bethesda,MD,Montgomery,United States,Navy,Active,39.143979,-77.207617,NA,20125
Naval Air Station JRB Willow Grove,Willow Grove,PA,Montgomery,United States,Navy,Active,40.157452,-75.124753,NA,20125
Lafayette Rvr Complex,Elliston,VA,Montgomery,United States,Navy,Active,37.235923,-80.212038,NA,20125
Maxwell Air Force Base Gunter Annex,Montgomery,AL,Montgomery,United States,Air Force,Active,32.37916667,-86.3625,AETC,20125
Maxwell Air Force Base,Montgomery,AL,Montgomery,United States,Air Force,Active,32.37916667,-86.3625,AETC,20125
NG McConnelsville Training Site,Mc Connelsville,OH,Morgan,United States,Army,Guard,39.737292,-81.915415,NA,13211
Picatinny Arsenal,Picatinny Arsenal,NJ,Morris,United States,Army,Active,40.867331,-74.578269,NA,48343
NAVWPNSYSTRAFAC Boardman,Boardman,OR,Morrow,United States,Navy,Active,45.83986,-119.70058,NA,39117
Portland International Airport ANG,Portland,OR,Multnomah,United States,Air Force,Guard,45.507856,-122.690794,NA,41051
Fort Benning GA,Fort Benning,GA,Muscogee,United States,Army,Active,32.392337,-84.931457,NA,13215
NG Muskogee AFRC,Muskogee,OK,Muskogee,United States,Army,Guard,35.70582,-95.50025,NA,40101
NG Camp Swift,Swift,TX,Nacogdoches,United States,Army,Guard,31.62018,-94.483262,NA,48347
Stewart Annex,Garden City,NY,Nassau,United States,Army,Active,40.724595,-73.658024,NA,36059
Jacksonville International Airport,Jacksonville,FL,Nassau,United States,Air Force,Guard,30.49416667,-81.68777778,ANG,36059
New Castle Airport,"New Castle, Delaware",DE,New Castle,United States,Air Force,Guard,39.68527778,-75.59916667,ANG,10003
NG MTA Camp Crowder Neosho,Neosho,MO,Newton,United States,Army,Guard,36.904539,-94.372328,NA,5101
Niagara Falls International Airport,"Niagara Falls, New York",NY,Niagara,United States,Air Force,NA,43.11333333,-78.9475,AFRC,36063
Niagara Falls,Niagara Falls,NY,Niagara,United States,Air Force,Reserve,43.093362,-79.009784,NA,36063
CSO Naval Air Station South Weymouth,Weymouth,MA,Norfolk,United States,Navy,Active,42.20794,-70.95514,NA,25021
Naval Air Station Corpus Christi TX,Corpus Christi,TX,Nueces,United States,Navy,Active,27.674946,-97.278473,NA,48355
Tonopah Test Range Airport,Tonopah,NV,Nye,United States,Air Force,NA,37.79472222,-116.7786111,ACC,32023
Lakehurst,Lakehurst,NJ,Ocean,United States,Air Force,Active,40.010938,-74.303205,NA,34029
Duke Field,"Crestview, Florida",FL,Okaloosa,United States,Air Force,NA,30.65027778,-86.52277778,AFRC,12091
Destin Moreno Point,Destin,FL,Okaloosa,United States,Army,Active,30.661155,-86.594479,NA,12091
Hurlburt Field,Mary Esther,FL,Okaloosa,United States,Air Force,Active,30.42777778,-86.68944444,AFSOC,12091
Eglin Air Force Base,Valparaiso,FL,Okaloosa,United States,Air Force,Active,30.48333333,-86.53333333,AFMC,12091
Kadena Air Force Base,Okinawa,Okinawa,Okinawa,Japan,Air Force,Active,26.3557,127.7679,PACAF,359
Will Rogers World Airport Moved to Tinker AFB in 2007[163],Oklahoma City,OK,Oklahoma,United States,Air Force,Guard,35.39305556,-97.60083333,ANG,40109
Tinker Air Force Base,Oklahoma City,OK,Oklahoma,United States,Air Force,Active,35.41472222,-97.38666667,AFMC,40109
NG Oklahoma Military Department,Oklahoma City,OK,Oklahoma,United States,Army,Guard,35.491608,-97.562817,NA,40109
NG Rochester NGA and OMS 2,Rochester,MN,Olmsted,United States,Army,Guard,44.075285,-92.516916,NA,27109
Griffiss International Airport,"Rome, New York",NY,Oneida,United States,Air Force,NA,43.23055556,-75.40944444,ANG,55085
Rome Laboratory,Rome,NY,Oneida,United States,Air Force,Active,43.2229,-75.4085,AFMC,55085
Syracuse MCRC,Syracuse,NY,Onondaga,United States,Marine Corps,Reserve,43.047934,-76.17792,NA,36067
Syracuse Hancock International Airport,"Syracuse, New York",NY,Onondaga,United States,Air Force,NA,43.11138889,-76.12361111,ANG,36067
March Joint Air Reserve Base,Riverside,CA,Orange,United States,Air Force,Reserve,33.88055556,-117.2594444,AFRC,48361
ALF Orange,Orange,TX,Orange,United States,Navy,Active,30.071743,-93.864976,NA,48361
Naval Support Activity Orlando,Orlando,FL,Orange,United States,Navy,Active,28.545179,-81.373291,NA,48361
Stewart International Airport,Newburgh,NY,Orange,United States,Air Force,Guard,41.50416667,-74.10472222,ANG,48361
NG TS AFRC Los Alamitos,Los Alamitos,CA,Orange,United States,Army,Guard,33.795012,-118.062692,NA,48361
San Clemente IS NALF,Irvine,CA,Orange,United States,Navy,Active,33.729641,-117.772954,NA,48361
NAVWPNSTA Seal Beach,Seal Beach,CA,Orange,United States,Navy,Active,33.74141,-118.10479,NA,48361
North Air Force Auxiliary Field,North,SC,Orangeburg,United States,Air Force,Active,33.61571,-81.10204,NA,45075
Naval Air Station Joint Reserve Base New Orleans,"Belle Chasse, Louisiana",LA,Orleans,United States,Air Force,NA,29.82527778,-90.035,ANG,50019
Bonito Lake System Annex,Bent,NM,Otero,United States,Air Force,Active,33.1587,-105.85693,NA,8089
Holloman Air Force Base,Alamogordo,NM,Otero,United States,Air Force,Active,32.8525,-106.1063889,ACC,8089
Cavalier Air Force Station,Mountain,ND,Pembina,United States,Air Force,Active,48.79388,-97.62231,USSF,38067
Cusick Survival Training Site,Cusick,WA,Pend Oreille,United States,Air Force,Active,48.510409,-117.348383,NA,53051
Ellsworth Air Force Base,Box Elder,SD,Pennington,United States,Air Force,Active,44.145,-103.1036111,AFGSC,46103
NG West Camp,Wasta,SD,Pennington,United States,Army,Guard,44.0686,-102.44572,NA,46103
Bangor International Airport,Bangor,ME,Penobscot,United States,Air Force,Guard,44.848256,-68.835091,ANG,23019
NG Bangor Training Site,Bangor,ME,Penobscot,United States,Army,Guard,44.848517,-68.850405,NA,23019
General Wayne A Downing Peoria International Airport,Peoria,IL,Peoria,United States,Air Force,Guard,40.693137,-89.589847,ANG,17143
Det Philadelphia PA,Philadelphia,PA,Philadelphia,United States,Navy,Active,40.001811,-75.11787,NA,42101
NG Camp Murray,Camp Murray,WA,Pierce,United States,Army,Guard,47.11678,-122.56866,NA,55093
Joint Base Lewis-McChord,Tacoma,WA,Pierce,United States,Air Force,Active,47.1475,-122.4794444,AMC,55093
NG Silver Bell Army Heliport,Silver Bell,AZ,Pima,United States,Army,Guard,32.383404,-111.500669,NA,4019
Tucson International Airport,Tucson,AZ,Pima,United States,Air Force,Guard,32.11527778,-110.9305556,ANG,4019
NG Picacho Aviation TS,Picacho,AZ,Pinal,United States,Army,Guard,32.689594,-111.531036,NA,4021
NG Florence Military Reservation,Florence,AZ,Pinal,United States,Army,Guard,32.982354,-111.424943,NA,4021
McAlester AAP,McAlester,OK,Pittsburg,United States,Army,Active,34.904585,-95.697624,NA,40121
Cheatham Annex,Chatham,VA,Pittsylvania,United States,Navy,Active,36.830785,-79.412735,NA,51143
NG MTCH Camp Guernsey,Guernsey,WY,Platte,United States,Army,Guard,42.256819,-104.786912,NA,56031
NG Camp Dodge Johnston TS,Johnston,IA,Polk,United States,Army,Guard,41.714435,-93.732559,NA,5113
Des Moines International Airport,Des Moines,IA,Polk,United States,Air Force,Guard,41.596212,-93.591022,ANG,5113
NG CTC Camp Dawson-Kingwood,Kingwood,WV,Preston,United States,Army,Guard,39.471673,-79.67596,NA,54077
Joint Base Andrews-Naval Air Facility Washington,Camp Springs,MD,Prince George's,United States,Air Force,Active,38.81083333,-76.86694444,AFDW,24033
NMIC Suitland,Suitland,MD,Prince George's,United States,Navy,Active,38.834912,-76.912745,NA,24033
MCB Quantico,Quantico,VA,Prince William,United States,Marine Corps,Active,38.52602,-77.322803,NA,51153
Pueblo Chemical Depot,Pueblo,CO,Pueblo,United States,Army,Active,38.293234,-104.536493,NA,8101
Pinon Canyon,Pinon,CO,Pueblo,United States,Army,Active,38.433334,-104.607473,NA,8101
Lake Of The Ozarks Recreation,Laquey,MO,Pulaski,United States,Army,Active,37.77032,-92.3035,NA,51155
Fort Leonard Wood,Fort Leonard Wood,MO,Pulaski,United States,Army,Active,37.767687,-92.111975,NA,51155
Little Rock Air Force Base,Little Rock,AR,Pulaski,United States,Air Force,Active,34.91694444,-92.14638889,AMC,51155
Minneapolis-Saint Paul International Airport,"Minneapolis – Saint Paul, Minnesota",MN,Ramsey,United States,Air Force,Reserve,44.88166667,-93.23361111,AFRC,27123
NG Sparta Armory,Sparta,IL,Randolph,United States,Army,Guard,38.108083,-89.726486,NA,54083
NG Elkins AFRC,Elkins,WV,Randolph,United States,Army,Guard,38.92594,-79.84673,NA,54083
NG TS Clark Natl Forest Wapp,Clark,MO,Randolph,United States,Army,Guard,39.295025,-92.374105,NA,54083
Jackson-Evers International Airport,Jackson,MS,Rankin,United States,Air Force,NA,32.31111111,-90.07583333,ANG,28121
NG Camp Mabry,Mabry,TX,Red River,United States,Army,Guard,33.613442,-95.118279,NA,48387
Spangdahlem Air Force base,Germany,Rhineland-Palatinate,Rhineland-Palatinate,Germany,Air Force,Active,49.9857,6.6843,USAFE,236
Ramstein Air Force Base,Rhineland-Palatinate,Rhineland-Palatinate,Rhineland-Palatinate,Germany,Air Force,Active,49.4397,7.5971,USAFE,236
Mansfield Lahm Regional Airport,Mansfield,OH,Richland,United States,Air Force,NA,40.81361111,-82.51666667,ANG,22083
McEntire Joint National Guard Base,Eastover,SC,Richland,United States,Air Force,Guard,33.92083333,-80.80111111,ANG,22083
MCB Camp Lejeune (East Site),East Side Park,NC,Richmond,United States,Marine Corps,Active,34.95682,-79.750056,NA,51159
Norco,Norco,CA,Riverside,United States,Navy,Active,33.936248,-117.570053,NA,6065
Navy Annex,Nuevo,CA,Riverside,United States,Navy,Active,33.801279,-117.139061,NA,6065
Camp Morena,Moreno,CA,Riverside,United States,Navy,Active,33.917517,-117.157813,NA,6065
NG Arden Hills Army Training Site,Hills,MN,Rock,United States,Army,Guard,43.525185,-96.358365,NA,55105
Rock Island Arsenal,Rock Island Arsenal,IL,Rock Island,United States,Army,Active,41.517253,-90.539929,NA,17161
Rivanna Station,Raphine,VA,Rockbridge,United States,Army,Active,37.941296,-79.276332,NA,51163
Pease Air National Guard Base,"Portsmouth, New Hampshire",NH,Rockingham,United States,Air Force,Guard,43.07805556,-70.82333333,ANG,37157
NG VTS Smyrna,Smyrna,TN,Rutherford,United States,Army,Guard,35.959541,-86.53159,NA,37161
McClellan Air Force Base,McClellan Air Force Base,CA,Sacramento,United States,Air Force,Active,38.663017,-121.383935,NA,6067
North Highlands Air National Guard Station,"Sacramento, California",CA,Sacramento,United States,Air Force,NA,38.64,-121.4025,ANG,6067
NAWS China Lake,Locke,CA,Sacramento,United States,Navy,Active,38.25047,-121.509397,NA,6067
NAVPMOSSP Magna Utah,Magna,UT,Salt Lake,United States,Navy,Active,40.699401,-112.088875,NA,49035
Salt Lake City International Airport,Salt Lake City,UT,Salt Lake,United States,Air Force,Guard,40.78833333,-111.9777778,ANG,49035
Yermo Area,Yermo,CA,San Bernardino,United States,Marine Corps,Active,34.901697,-116.844762,NA,6071
MCLB Barstow,Barstow,CA,San Bernardino,United States,Marine Corps,Active,34.980295,-116.964449,NA,6071
Los Angeles Space Force Annex No4,Sugarloaf,CA,San Bernardino,United States,Air Force,Active,34.241389,-116.832701,USSF,6071
NTC and Fort Irwin,Fort Irwin,CA,San Bernardino,United States,Army,Active,35.262453,-116.696561,NA,6071
Randsburg Wash Area,Randsburg,CA,San Bernardino,United States,Navy,Active,35.559842,-117.063871,NA,6071
Twentynine Palms,Twentynine Palms,CA,San Bernardino,United States,Marine Corps,Active,34.135797,-116.052428,NA,6071
Amphib Base Coronado East,Coronado,CA,San Diego,United States,Navy,Active,32.699235,-117.209642,NA,6073
Imperial Beach NOLF,Imperial Beach,CA,San Diego,United States,Navy,Active,32.576415,-117.116514,NA,6073
NAVBASE San Diego CA,San Diego,CA,San Diego,United States,Navy,Active,32.724103,-117.170912,NA,6073
NAVBASE Coronado,Coronado,CA,San Diego,United States,Navy,Active,32.699235,-117.209642,NA,6073
Amphib Base Coronado West,Coronado,CA,San Diego,United States,Navy,Active,32.699235,-117.209642,NA,6073
Fallbrook California,Fallbrook,CA,San Diego,United States,Navy,Active,33.376864,-117.259523,NA,6073
Warner Springs Rts,Warner Springs,CA,San Diego,United States,Navy,Active,33.28226,-116.63363,NA,6073
MCRD San Diego,San Diego,CA,San Diego,United States,Marine Corps,Active,32.724103,-117.170912,NA,6073
National City,National City,CA,San Diego,United States,Navy,Active,32.661115,-117.101359,NA,6073
MCB Camp Pendleton,Camp Pendleton,CA,San Diego,United States,Marine Corps,Active,33.387723,-117.444758,NA,6073
NG ITC Camp San Luis Obisbo,San Luis Obispo,CA,San Luis Obispo,United States,Army,Guard,35.265573,-120.62122,NA,6079
MCAS Miramar,Miramar,CA,San Mateo,United States,Marine Corps,Active,37.492996,-122.456643,NA,6081
Abraham Lincoln Capital Airport,Springfield,IL,Sangamon,United States,Air Force,Guard,39.84416667,-89.67805556,ANG,17167
Vandenberg Space Force Base,Lompoc,CA,Santa Barbara,United States,Air Force,Active,34.7325,-120.5680556,USSF,6083
Davis Monthan Air Force Base,Tucson,AZ,Santa Cruz,United States,Air Force,Active,32.16638889,-110.8830556,ACC,6087
Santa Cruz Island,Santa Cruz,CA,Santa Cruz,United States,Navy,Active,36.958936,-122.031549,NA,6087
NOLF Holley,Holley,FL,Santa Rosa,United States,Navy,Active,30.347061,-87.113185,NA,12113
Naval Air Station Whiting Field Milton FL,Milton,FL,Santa Rosa,United States,Navy,Active,30.792885,-86.985834,NA,12113
Offut Air Force Base,Bellevue,NE,Sarpy,United States,Air Force,Active,41.11944444,-95.90861111,ACC,31153
NG Camp Ashland,Ashland,NE,Saunders,United States,Army,Guard,41.0375,-96.36085,NA,31155
NG Mead TS/FMS 06/Utes 02,Mead,NE,Saunders,United States,Army,Guard,41.22778,-96.4878,NA,31155
Schenectady ANG Memorial Airport,Schenectady,NY,Schenectady,United States,Air Force,Guard,42.8525,-73.9225,ANG,36093
Fort Smith Regional Airport,Fort Smith,AR,Sebastian,United States,Air Force,NA,35.33666667,-94.3675,ANG,5131
Fort Smith Map,Fort Smith,AR,Sebastian,United States,Air Force,Guard,35.366188,-94.416458,NA,5131
McConnell Air Force Base,Wichita,KS,Sedgwick,United States,Air Force,Active,37.62305556,-97.26722222,AMC,20173
Forbes Field ANG,Topeka,KS,Shawnee,United States,Air Force,Guard,38.95111111,-95.66583333,ANG,20177
NAVSUPPACT Midsouth Memphis TN,Memphis,TN,Shelby,United States,Navy,Active,35.169255,-89.990415,NA,17173
NG Shelbyville,Shelbyville,IN,Shelby,United States,Army,Guard,39.511568,-85.791993,NA,17173
Medical Center Annex,Center,TX,Shelby,United States,Air Force,Active,31.780781,-94.235334,NA,17173
Memphis International Airport,Memphis,TN,Shelby,United States,Air Force,Guard,35.0425,-89.97666667,ANG,17173
NAVSUPPACT Hampton Roads VA,Readus,VA,Shenandoah,United States,Navy,Active,38.855946,-78.590846,NA,51171
Tulelake Radar Site,Tulelake,CA,Siskiyou,United States,Air Force,Active,41.93519,-121.58865,NA,6093
Marine Corps Museum,Marion,VA,Smyth,United States,Marine Corps,Active,36.840198,-81.527656,NA,51173
Marysville WA,Marysville,WA,Snohomish,United States,Navy,Active,48.049576,-122.161951,NA,53061
NAVSTA Everett WA,Everett,WA,Snohomish,United States,Navy,Active,47.988661,-122.199795,NA,53061
Travis Air Force Base,Fairfield,CA,Solano,United States,Air Force,Active,38.26277778,-121.9275,AMC,6095
Fairchild Air Force Base,Airway Heights,WA,Spokane,United States,Air Force,Active,47.639552,-117.646438,NA,53063
Scott Air Force Base,Belleville,IL,St. Clair,United States,Air Force,Active,38.54527778,-89.83527778,AMC,29185
NG Duluth NG Armory,Duluth,MN,St. Louis,United States,Army,Guard,47.005566,-92.001934,NA,27137
Naval Air Station Patuxent River,Patuxent River,MD,St. Mary's,United States,Navy,Active,38.285279,-76.415708,NA,24037
Riverbank AAP,Riverbank,CA,Stanislaus,United States,Army,Active,37.729282,-120.942905,NA,6099
NG St Cloud NG Armory,Saint Cloud,MN,Stearns,United States,Army,Guard,45.519196,-94.330619,NA,27145
NG St Cloud AASF,Saint Cloud,MN,Stearns,United States,Army,Guard,45.519196,-94.330619,NA,27145
NG MTA Limestone Hills,Limestone,MT,Stillwater,United States,Army,Guard,45.477717,-109.902402,NA,30095
Reno Tahoe International Airport,Reno,NV,Storey,United States,Air Force,Guard,39.49916667,-119.7680556,ANG,32029
NG Camp Smith Tng Site,Smithtown,NY,Suffolk,United States,Army,Guard,40.922326,-72.637078,NA,36103
Francis S. Gabreski Airport,Westhampton Beach,NY,Suffolk,United States,Air Force,Guard,40.83694444,-72.64222222,ANG,36103
Holston AAP,Bristol,TN,Sullivan,United States,Army,Active,36.587544,-82.187338,NA,33019
Shaw Air Force Base,Sumter,SC,Sumter,United States,Air Force,Active,33.97305556,-80.47277778,ACC,45085
NAVBASE Point Loma,Lomo,CA,Sutter,United States,Navy,Active,39.220724,-121.641635,NA,6101
Naval Air Station Fort Worth JRB TX,Fort Worth,TX,Tarrant,United States,Navy,Active,32.767064,-97.304038,NA,48439
NG Fort Worth - Shoreview,Fort Worth,TX,Tarrant,United States,Army,Guard,32.771419,-97.291484,NA,48439
NG Saginaw,Saginaw,TX,Tarrant,United States,Army,Guard,32.860128,-97.363907,NA,48439
Naval Air Station Joint Reserve Base Fort Worth,"Westworth Village, Texas",TX,Tarrant,United States,Air Force,NA,32.76916667,-97.44166667,AFRC,48439
Dyess Air Force Base,Abilene,TX,Taylor,United States,Air Force,Active,32.4193,-99.83808,AFGSC,12123
Yokota Air Force Base,Tokyo,JP,Tokyo,Japan,Air Force,Active,35.7332,139.3418,PACAF,350
Goodfellow Air Force Base,San Angelo,TX,Tom Green,United States,Air Force,Active,31.42944444,-100.3988889,AETC,48451
Dugway Proving Ground,Dugway,UT,Tooele,United States,Army,Active,40.270806,-112.689833,NA,49045
Tooele Army Depot,Tooele,UT,Tooele,United States,Army,Active,40.530699,-112.326213,NA,49045
Camp Mabry,"Austin, Texas",TX,Travis,United States,Air Force,NA,30.31777778,-97.76055556,ANG,48453
CSO NSY Mare Island,Island Mountain,CA,Trinity,United States,Navy,Active,40.026261,-123.490301,NA,6105
San Nicolas Island,Island Mountain,CA,Trinity,United States,Navy,Active,40.026261,-123.490301,NA,6105
Sewage Evaporation Pond,Peanut,CA,Trinity,United States,Navy,Active,40.467923,-123.168637,NA,6105
Ozol Defense Fuel Support Point,Peanut,CA,Trinity,United States,Air Force,Active,40.467923,-123.168637,NA,6105
Youngstown-Warren Regional Airport,Youngstown,OH,Trumbull,United States,Air Force,Reserve,41.26055556,-80.67888889,AFRC,39155
Tulsa International Airport,Tulsa,OK,Tulsa,United States,Air Force,Guard,36.19833333,-95.88805556,ANG,40143
Robins Air Force Base,Warner Robins,GA,Twiggs,United States,Air Force,Active,32.64,-83.59166667,AFMC,13289
Umatilla Chemical Depot,Umatilla,OR,Umatilla,United States,Army,Active,45.917965,-119.287426,NA,41059
NAVBASE Ventura Cty Point Mugu CA,Point Mugu Nawc,CA,Ventura,United States,Navy,Active,33.247969,-119.506102,NA,6111
Port Hueneme,Port Hueneme,CA,Ventura,United States,Navy,Active,34.147368,-119.199754,NA,6111
Channel Islands Air National Guard Station,"Oxnard, California",CA,Ventura,United States,Air Force,Guard,34.115,-119.1102778,ANG,6111
Silver Strand South,Silver Strand,CA,Ventura,United States,Navy,Active,34.152783,-119.218442,NA,6111
NG MTA Camp Clark Nevada,Nevada,MO,Vernon,United States,Army,Guard,37.83921,-94.35467,NA,22115
Terre Haute International Airport,"Terre Haute, Indiana",IN,Vigo,United States,Air Force,NA,39.45138889,-87.3075,ANG,18167
NG Raleigh,Raleigh,NC,Wake,United States,Army,Guard,35.773632,-78.634457,NA,37183
NG Camp Grafton,Grafton,ND,Walsh,United States,Army,Guard,48.368876,-97.437265,NA,38099
NOLF Choctaw,Choctaw,FL,Walton,United States,Navy,Active,30.367422,-86.106051,NA,13297
Minot Air Force Base,Minot,ND,Ward,United States,Air Force,Active,48.41583333,-101.3580556,AFGSC,38101
Hulman Field,Heilman,IN,Warrick,United States,Air Force,Guard,38.157551,-87.090278,NA,18173
NG Johnson City Gray,Gray,TN,Washington,United States,Army,Guard,36.419826,-82.476535,NA,19183
NG Saint George/FMS 5B,Saint George,UT,Washington,United States,Army,Guard,37.185679,-113.609837,NA,19183
NCTS Cutler VLF Area,Cutler,ME,Washington,United States,Navy,Active,44.65758,-67.20387,NA,19183
Milwaukee Mitchell International Airport,"Milwaukee, Wisconsin",WI,Waukesha,United States,Air Force,NA,42.94722222,-87.89666667,ANG,55133
Detroit Arsenal,Detroit,MI,Wayne,United States,Army,Active,42.401388,-82.92451,NA,28153
Seymour Johnson Air Force Base,Goldsboro,NC,Wayne,United States,Air Force,Active,35.33944444,-77.96055556,ACC,28153
Hill Air Force Base,Ogden,UT,Weber,United States,Air Force,Active,41.120219,-111.989813,AFMC,49057
Sheppard Air Force Base,Wichita Falls,TX,Wichita,United States,Air Force,Active,33.98888889,-98.49194444,AETC,20203
Fort Gordon,Gordon,GA,Wilkinson,United States,Army,Active,32.881267,-83.302945,NA,13319
Joliet USARC/JTA,Joliet,IL,Will,United States,Army,Reserve,41.530628,-88.084496,NA,17197
Joliet AAP Elwood,Romeoville,IL,Will,United States,Army,Active,41.684631,-88.050503,NA,17197
NG Westminster Training Site,Westminster,VT,Windham,United States,Army,Guard,43.082635,-72.474882,NA,50025
NG Fort McClellan ARNG Tng Center,Center,AL,Winston,United States,Army,Guard,34.264543,-87.587802,NA,28159
NG Williamstown,Williamstown,WV,Wood,United States,Army,Guard,39.367796,-81.455899,NA,39173
Devens Reserve Forces Tng Area,Devens,MA,Worcester,United States,Army,Reserve,42.54364,-71.61479,NA,24047
Yakima Training Center,Yakima,WA,Yakima,United States,Army,Active,46.60453,-120.495552,NA,53077
Naval Weapons Station Yorktown,Yorktown,VA,York,United States,Navy,Active,37.230251,-76.524359,NA,42133
Beale Air Force Base,Marysville,CA,Yuba,United States,Air Force,Active,39.128035,-121.544781,ACC,6115
Yuma Proving Ground,Yuma,AZ,Yuma,United States,Army,Active,32.701461,-114.657232,NA,4027
MCAS Yuma,Yuma,AZ,Yuma,United States,Marine Corps,Active,32.701461,-114.657232,NA,4027
